-- phpMyAdmin SQL Dump
-- version 4.6.6deb5
-- https://www.phpmyadmin.net/
--
-- Servidor: localhost:3306
-- Tiempo de generación: 04-04-2020 a las 21:03:52
-- Versión del servidor: 5.7.29-0ubuntu0.18.04.1
-- Versión de PHP: 7.2.24-0ubuntu0.18.04.3

SET SQL_MODE = "NO_AUTO_VALUE_ON_ZERO";
SET time_zone = "+00:00";


/*!40101 SET @OLD_CHARACTER_SET_CLIENT=@@CHARACTER_SET_CLIENT */;
/*!40101 SET @OLD_CHARACTER_SET_RESULTS=@@CHARACTER_SET_RESULTS */;
/*!40101 SET @OLD_COLLATION_CONNECTION=@@COLLATION_CONNECTION */;
/*!40101 SET NAMES utf8mb4 */;

--
-- Base de datos: `sivenati_siven`
--

-- --------------------------------------------------------

--
-- Estructura de tabla para la tabla `music`
--

CREATE TABLE `music` (
  `id` int(11) NOT NULL,
  `id_user` int(11) NOT NULL,
  `name` varchar(500) DEFAULT NULL,
  `artist` varchar(500) DEFAULT NULL,
  `category` varchar(500) DEFAULT NULL,
  `url` varchar(500) DEFAULT NULL,
  `tag` varchar(500) DEFAULT NULL,
  `status` int(11) DEFAULT NULL,
  `created` datetime DEFAULT NULL,
  `modified` datetime DEFAULT NULL
) ENGINE=MyISAM DEFAULT CHARSET=utf8;

--
-- Volcado de datos para la tabla `music`
--

INSERT INTO `music` (`id`, `id_user`, `name`, `artist`, `category`, `url`, `tag`, `status`, `created`, `modified`) VALUES
(1, 1, 'Dragon Ball Z Original Soundtrack - Solid State Scouter', '', 'Anime', 'https://www.youtube.com/watch?v=Lm77VCkf_do', '', 1, '2019-09-20 00:00:00', '0000-00-00 00:00:00'),
(10, 1, 'Alok, Bruno Martini Ft. Zeeba - Hear Me Now | Sub Español', '', 'fvfv', 'U5d-4KY2a6A', '', 0, '0000-00-00 00:00:00', '0000-00-00 00:00:00'),
(11, 1, 'Gotye (Legendado) Somebody That I Used To Know (feat. Kimbra) Lyrics', '', 'especial', '6GA0eTThQvA', '', 0, '0000-00-00 00:00:00', '0000-00-00 00:00:00'),
(12, 1, 'John Mayer - Carry Me Away (Official Lyric Video)', '', 'esp requerida', '6YDwBktDthA', '', 0, '0000-00-00 00:00:00', '0000-00-00 00:00:00'),
(13, 1, 'The light Behind your eyes - My Chemical Romance lyrics (inglés - español)', '', 'Rock alternativo', 'GbNhJ-7VxPM', '', 0, '0000-00-00 00:00:00', '0000-00-00 00:00:00'),
(14, 1, 'Jason Mraz - I\'m Yours / Subtitulada Español-Inglés', '', 'IM NOT OKEY', 'ThI9fm52lms', '', 0, '0000-00-00 00:00:00', '0000-00-00 00:00:00'),
(15, 1, 'Aaron Smith - Dancin (KRONO Remix) (Español)', '', 'House', 'WCi2DLYE82A', '', 0, '0000-00-00 00:00:00', '0000-00-00 00:00:00'),
(16, 1, 'Fall Out Boy - Dance, Dance', '', 'ROCK', 'C6MOKXm8x50', '', 0, '0000-00-00 00:00:00', '0000-00-00 00:00:00'),
(17, 1, 'Faded - Alan Walker (Lyrics)', '', 'Electro', 'reuYXbHOc1c', '', 0, '0000-00-00 00:00:00', '0000-00-00 00:00:00'),
(18, 1, 'The Black Eyed Peas, J Balvin - RITMO (Bad Boys For Life)', '', 'Hip Hop', 'EzKkl64rRbM', '', 0, '0000-00-00 00:00:00', '0000-00-00 00:00:00'),
(19, 1, 'Foster the People - Pumped up Kicks (Bridge and Law Remix)', '', 'Remix', 'bR-s4ReIxJo', '', 0, '0000-00-00 00:00:00', '0000-00-00 00:00:00'),
(20, 1, 'Foster the People - Pumped Up Kicks (Aiju Remix)', '', 'Remix', 'nO8C0jpsW7Y', '', 0, '0000-00-00 00:00:00', '0000-00-00 00:00:00'),
(21, 1, 'AWOLNATION - Sail (Feed Me Remix)', '', 'Remix', 'VbE6hH11_GQ', '', 0, '0000-00-00 00:00:00', '0000-00-00 00:00:00'),
(22, 1, 'Maroon5 - Animals [Bass Boosted]', '', 'Remix', 'kxFN7ahAnHM', '', 0, '0000-00-00 00:00:00', '0000-00-00 00:00:00'),
(23, 1, 'Lost Frequencies - Reality (LETRA EN ESPAÑOL)', '', 'Deep house', 'tvMI5FInwB4', '', 0, '0000-00-00 00:00:00', '0000-00-00 00:00:00'),
(24, 1, 'Lost Frequencies - Are You With Me (Official Music Video)', '', 'Deep house', 'VjHMDlAPMUw', '', 0, '0000-00-00 00:00:00', '0000-00-00 00:00:00'),
(25, 1, 'The Strokes - You Only Live Once (Official Music Video)', '', 'Rock', 'pT68FS3YbQ4', '', 0, '0000-00-00 00:00:00', '0000-00-00 00:00:00'),
(26, 1, 'Oasis - Don\'t Look Back In Anger (Official Video)', 'Oasis', 'Rock', 'r8OipmKFDeM', 'UK', 0, '0000-00-00 00:00:00', '0000-00-00 00:00:00'),
(27, 1, 'Dream on - Aerosmith (Subtitulado)', 'Aerosmith', 'Heavy metal', 'bAcI7gLxLrM', 'DREAM ON', 0, '0000-00-00 00:00:00', '0000-00-00 00:00:00'),
(28, 1, 'Aerosmith - I Don\'t Wanna Miss A Thing - Subtitulada en español e inglés', 'Aerosmith', 'Heavy metal', 'nvmWsokrdEY', 'TEMÓN', 0, '0000-00-00 00:00:00', '0000-00-00 00:00:00'),
(29, 1, 'R.E.M. - Losing My Religion - Subtitulada en español e inglés', 'R.E.M', 'Rock', '5xp4422MXIw', '', 0, '0000-00-00 00:00:00', '0000-00-00 00:00:00'),
(30, 1, 'Creep - Radiohead / Lyrics - Letra Traducida', 'Radiohead', 'Rock', 'h_0l8IHYFVQ', '', 0, '0000-00-00 00:00:00', '0000-00-00 00:00:00'),
(31, 1, 'Pokemon RSE/ORAS Orchestrated - Abandoned Ship/Sea Mauville', 'Pokemon', 'Videojuego', 'oNRmNWst9ek', 'pokemon,mugen', 0, '0000-00-00 00:00:00', '0000-00-00 00:00:00'),
(32, 1, 'Pokemon Regi Trio Battle Theme Remix', 'Pokemon', 'Videojuego', 'mS2S8QfdiUM', 'pokemon,mugen', 0, '0000-00-00 00:00:00', '0000-00-00 00:00:00'),
(33, 1, 'Pokemon RSE Remix: Regi Battle', 'Pokemon', 'Videojuego', 'vwywvPYZ5TI', 'pokemon,mugen', 0, '0000-00-00 00:00:00', '0000-00-00 00:00:00'),
(34, 1, 'Pokemon Trainer Red Battle Theme (Epic Orchestral Remix)', 'Pokemon', 'Videojuego', 'y4CauW-m5CY', 'mugen', 0, '0000-00-00 00:00:00', '0000-00-00 00:00:00'),
(35, 1, 'Pokemon Kanto Champion Theme Remix', 'Pokemon', 'Videojuego', 'CwRx4n0SneE', 'mugen', 0, '0000-00-00 00:00:00', '0000-00-00 00:00:00'),
(36, 1, 'Sinnoh Lakes Remix - Pokemon Diamond/Pearl Music', 'Pokemon', 'Videojuego', 'IMnnrmwXjdg', 'pokemon,relax', 0, '0000-00-00 00:00:00', '0000-00-00 00:00:00'),
(37, 1, '10 Hours of Rain Sound Relaxation / Ultimate Stress Relief, Deep Sleep, Meditation, Yoga,...', 'Lluvia', 'Ambiente', '8plwv25NYRo', 'ambiente', 0, '0000-00-00 00:00:00', '0000-00-00 00:00:00'),
(38, 1, 'The Kooks - Junk Of The Heart (Happy)', 'The Kooks', 'Rock', '8pvHZ4ddR-4', '', 0, '0000-00-00 00:00:00', '0000-00-00 00:00:00'),
(39, 1, 'Keane - Somewhere Only We Know (Official Video)', 'Keane', 'Rock', 'Oextk-If8HQ', '', 0, '0000-00-00 00:00:00', '0000-00-00 00:00:00'),
(40, 1, 'The Strokes - Welcome To Japan', 'The Strokes', 'Rock', 'ZQphPd7-2RM', '', 0, '0000-00-00 00:00:00', '0000-00-00 00:00:00'),
(41, 1, 'Los Auténticos Decadentes - La Guitarra (Videoclip)', 'Los Auténticos Decadentes', 'Ska', 'ID-iJOw9rLo', '', 0, '0000-00-00 00:00:00', '0000-00-00 00:00:00'),
(42, 1, 'Los Fabulosos Cadillacs - El Matador', 'Los Auténticos Decadentes', 'Ska', '3__HmlJIyIU', '', 0, '0000-00-00 00:00:00', '0000-00-00 00:00:00'),
(43, 1, 'Centuries - Fall Out Boy Lyrics', 'Fall Out Boy', 'Rock', 'dZEnQogAd8U', '', 0, '0000-00-00 00:00:00', '0000-00-00 00:00:00'),
(44, 1, 'Fall Out Boy - THE PHOENIX (Kinetic Typography Lyrics)', 'Fall Out Boy', 'Rock', '5JqY-6q-RNA', '', 0, '0000-00-00 00:00:00', '0000-00-00 00:00:00'),
(45, 1, 'The Strokes - Automatic Stop (Sub. Español)', 'The Strokes', 'Rock', 'iubuChvUxjU', '', 0, '0000-00-00 00:00:00', '0000-00-00 00:00:00'),
(46, 1, 'The Strokes - One way trigger (lyrics)', 'The Strokes', 'Rock', 'dllUMAFkWzI', '', 0, '0000-00-00 00:00:00', '0000-00-00 00:00:00'),
(47, 1, 'The Strokes - Chances', 'The Strokes', 'Rock', 'JCFwEXhz334', '', 0, '0000-00-00 00:00:00', '0000-00-00 00:00:00'),
(48, 1, 'The Strokes - Life Is Simple In The Moonlight', 'The Strokes', 'Rock', 'tn3bLzrRbDQ', '', 0, '0000-00-00 00:00:00', '0000-00-00 00:00:00'),
(49, 1, 'Mozart - Lacrimosa', 'Mozart', 'Clasica', 'k1-TrAvp_xs', '', 0, '0000-00-00 00:00:00', '0000-00-00 00:00:00'),
(50, 1, 'The Killers - Read My Mind (Official Music Video)', 'The Killers', 'Rock', 'zc8hbSM1zVo', '', 0, '0000-00-00 00:00:00', '0000-00-00 00:00:00'),
(51, 1, 'Placebo - The Bitter End', 'Placebo', 'Rock', '-JJAXwAaA2w', '', 0, '0000-00-00 00:00:00', '0000-00-00 00:00:00'),
(52, 1, 'Placebo - This picture (Lyrics)', 'Placebo', 'Rock', 'PFto5ffh5w4', '', 0, '0000-00-00 00:00:00', '0000-00-00 00:00:00'),
(53, 1, 'Axwell /\\ Ingrosoo; More Than You Know [Traducida al español]', 'Ni idea', 'Ni idea', 'sEusMhEOYlk', '', 0, '0000-00-00 00:00:00', '0000-00-00 00:00:00'),
(54, 1, 'Muse - Starlight [Official Music Video]', 'Muse', 'Rock', 'Pgum6OT_VH8', '', 0, '0000-00-00 00:00:00', '0000-00-00 00:00:00'),
(55, 1, 'Ed Sheeran - Perfect (Official Music Video)', 'Ed Sheeran', 'Pop', '2Vv-BfVoq4g', '', 0, '0000-00-00 00:00:00', '0000-00-00 00:00:00'),
(56, 1, 'The Hollies  \"The Air That I Breathe\"', 'The Hollies', 'Pop', 'HydvceA1PAI', '', 0, '0000-00-00 00:00:00', '0000-00-00 00:00:00'),
(57, 1, 'Lana Del Rey - Get Free (Official Audio)', 'Lana del rey', 'Pop', 'yzP4kQhlPBY', '', 0, '0000-00-00 00:00:00', '0000-00-00 00:00:00'),
(58, 1, 'Estoy Enamorado', 'Wisin y Yandel', 'Reggaeton', 'cuSaCdqwe2Y', '', NULL, NULL, NULL);

-- --------------------------------------------------------

--
-- Estructura de tabla para la tabla `notes`
--

CREATE TABLE `notes` (
  `id` int(11) NOT NULL,
  `id_category` int(11) NOT NULL,
  `title` varchar(500) DEFAULT NULL,
  `content` varchar(5000) DEFAULT NULL,
  `norm_content` varchar(5000) DEFAULT NULL,
  `status` int(11) DEFAULT NULL,
  `created` datetime DEFAULT NULL,
  `modified` datetime DEFAULT NULL
) ENGINE=MyISAM DEFAULT CHARSET=utf8;

--
-- Volcado de datos para la tabla `notes`
--

INSERT INTO `notes` (`id`, `id_category`, `title`, `content`, `norm_content`, `status`, `created`, `modified`) VALUES
(1, 0, 'Fantasme ere tu', '{\"ops\":[{\"insert\":\"cuando andas por ahí\\n\"}]}', '', 1, '2019-08-27 22:55:32', '0000-00-00 00:00:00'),
(10, 0, 'Comprar silla ergonómica', '{\"ops\":[{\"insert\":\"-Comprar silla ergonómica\\n\"}]}', '', 1, '2019-11-10 23:50:33', '0000-00-00 00:00:00'),
(11, 0, 'Notas para cada cosa', '{\"ops\":[{\"insert\":\"-En el caso de notas de compras, que inicialmente se registre la categoría \\\"Pendientes compra\\\" y que se borre el campo contenido. Así se genera luego un nuevo apartado dentro del mismo módulo de notas con la lista de compras, esta va a tener un radio button para hacer una lista de check.\\nEsto es útil en listas de compras supermercado y x cosa a comprar a futuro(tambien se podría hacer un apartado listando unicamente las cosas para comprar en un super), igualmente se podría dejar el cuadro contenido para agregar un enlace de compra en el caso de algo más \\\"único\\\" que una lista para el super, pero achicando el recuadro igualmente.\\n\"}]}', '', 1, '2019-11-10 23:56:18', '0000-00-00 00:00:00'),
(4, 0, 'Lista de cosas a comprar Luego', '{\"ops\":[{\"insert\":\"Mesita de desayuno easy:\\n\"},{\"attributes\":{\"link\":\"https://www.easy.cl/tienda/producto/381725p\"},\"insert\":\"https://www.easy.cl/tienda/producto/381725p\"},{\"insert\":\"\\n\"}]}', '', 1, '2019-10-26 13:22:00', '0000-00-00 00:00:00'),
(7, 0, 'Comprar lentes+receta', '{\"ops\":[{\"insert\":\"Lentes + receta en optica cumbres.\\n\"}]}', '', 1, '2019-11-08 18:11:11', '0000-00-00 00:00:00'),
(9, 0, 'Javascript Lineas útiles', '{\"ops\":[{\"insert\":\"-Linea para obtener una alerta mediante el browser:\\nalert(var);\"},{\"attributes\":{\"code-block\":true},\"insert\":\"\\n\"},{\"insert\":\"\\n-Linea para obtener una salida del código, esto mediante la consola del browser:\\nconsole.out(var);\"},{\"attributes\":{\"code-block\":true},\"insert\":\"\\n\"}]}', '', 1, '2019-11-10 15:36:29', '0000-00-00 00:00:00'),
(12, 0, 'TEST DE TESTES', '{\"ops\":[{\"insert\":\"TEXTO ENTEROOOOO ENTEROOOOOO SIN CORTES NI LINEAS , AGILIZO EL NO TENER QUE OCUPAR EL TEXTO ENRIQUEZISOOOOOOO DKD  DOKD\\n\"}]}', 'TEXTO ENTEROOOOO ENTEROOOOOO SIN CORTES NI LINEAS , AGILIZO EL NO TENER QUE OCUPAR EL TEXTO ENRIQUEZISOOOOOOO DKD  DOKD\n', 1, '2019-12-26 16:57:32', '0000-00-00 00:00:00'),
(13, 0, 'TEST CATEGORIA', '{\"ops\":[{\"insert\":\"KJHFJKDHFJDHFDSJKFHSJKDSHF KTEST T CD NWBE  D LA S CATGEORIA S D ELA S CTAGEOFIRIA S D E LDEL LAS T CATGEORIAS\\n\"}]}', 'KJHFJKDHFJDHFDSJKFHSJKDSHF KTEST T CD NWBE  D LA S CATGEORIA S D ELA S CTAGEOFIRIA S D E LDEL LAS T CATGEORIAS\n', 1, '2019-12-26 17:18:44', '0000-00-00 00:00:00'),
(14, 8, 'TASTE CATEGORY NUM', '{\"ops\":[{\"insert\":\"TATEST CATEGORY NUM\\n\"}]}', 'TATEST CATEGORY NUM\n', 1, '2019-12-26 17:26:17', '0000-00-00 00:00:00'),
(15, 1, 'test', '{\"ops\":[{\"insert\":\"coronaaaa\\n\"}]}', 'coronaaaa\n', 1, '2020-03-19 16:55:10', NULL);

-- --------------------------------------------------------

--
-- Estructura de tabla para la tabla `notes_category`
--

CREATE TABLE `notes_category` (
  `id` int(11) NOT NULL,
  `name` varchar(500) DEFAULT NULL,
  `description` varchar(500) DEFAULT NULL,
  `status` int(11) DEFAULT NULL,
  `created` datetime DEFAULT NULL,
  `modified` datetime DEFAULT NULL
) ENGINE=MyISAM DEFAULT CHARSET=utf8;

--
-- Volcado de datos para la tabla `notes_category`
--

INSERT INTO `notes_category` (`id`, `name`, `description`, `status`, `created`, `modified`) VALUES
(1, 'Web', 'Todas las cosas pendientes a realizar en el sistema siven', 1, '2019-11-10 00:00:00', '0000-00-00 00:00:00'),
(2, 'Compras', 'Todas las cosas pendientes o vistas para comprar en el futuro', 1, '2019-11-10 00:00:00', '0000-00-00 00:00:00'),
(3, 'Ideas', 'Ideas o apuntes rápidos', 1, '2019-11-11 00:00:00', '0000-00-00 00:00:00'),
(4, 'Citas', 'Citas, compromisos o reuniones', 1, '2019-11-11 00:00:00', '0000-00-00 00:00:00'),
(5, 'Actividades', 'Cosas a realizar, actividades diarias etc.', 1, '2019-11-11 00:00:00', '0000-00-00 00:00:00'),
(6, 'Historias', 'Pequeñas o largas historias', 1, '2019-11-11 00:00:00', '0000-00-00 00:00:00'),
(7, 'Sueños', '...', 1, '2019-11-11 00:00:00', '0000-00-00 00:00:00'),
(8, 'Apuntes', 'Apuntes, notas, código', 1, '2019-11-11 00:00:00', '0000-00-00 00:00:00'),
(9, 'Páginas', 'Páginas usables en algún momento', 1, '2019-11-11 00:00:00', '0000-00-00 00:00:00');

-- --------------------------------------------------------

--
-- Estructura de tabla para la tabla `products`
--

CREATE TABLE `products` (
  `id` int(11) NOT NULL,
  `id_category` int(11) NOT NULL,
  `name` varchar(500) DEFAULT NULL,
  `price` int(11) DEFAULT NULL,
  `status` int(11) DEFAULT NULL,
  `created` datetime DEFAULT NULL,
  `modified` datetime DEFAULT NULL,
  `deleted` datetime DEFAULT NULL
) ENGINE=MyISAM DEFAULT CHARSET=utf8;

--
-- Volcado de datos para la tabla `products`
--

INSERT INTO `products` (`id`, `id_category`, `name`, `price`, `status`, `created`, `modified`, `deleted`) VALUES
(2, 5, 'Arriendo Mayo', 158000, 1, '2019-06-04 00:00:00', '0000-00-00 00:00:00', '0000-00-00 00:00:00'),
(3, 1, 'Pollo asado', 4200, 1, '2019-06-03 00:00:00', '0000-00-00 00:00:00', '0000-00-00 00:00:00'),
(4, 5, 'Pago cuota CAE', 16340, 1, '2019-06-01 00:00:00', '0000-00-00 00:00:00', '0000-00-00 00:00:00'),
(5, 5, 'Recarga Celular Nibia', 2000, 1, '2019-06-01 00:00:00', '0000-00-00 00:00:00', '0000-00-00 00:00:00'),
(6, 5, 'Bono Nibia', 50000, 1, '2019-06-01 00:00:00', '0000-00-00 00:00:00', '0000-00-00 00:00:00'),
(17, 1, 'Pollo asado', 4200, 1, '2019-06-07 00:00:00', '0000-00-00 00:00:00', '0000-00-00 00:00:00'),
(20, 7, 'Calcetines', 10000, 1, '2019-06-10 00:00:00', '0000-00-00 00:00:00', '0000-00-00 00:00:00'),
(14, 5, 'Prepower ENTEL', 5290, 1, '2019-06-05 00:00:00', '0000-00-00 00:00:00', '0000-00-00 00:00:00'),
(16, 1, 'Compra super', 30623, 1, '2019-06-07 00:00:00', '0000-00-00 00:00:00', '0000-00-00 00:00:00'),
(13, 1, 'Once', 1700, 1, '2019-06-05 00:00:00', '0000-00-00 00:00:00', '0000-00-00 00:00:00'),
(18, 1, 'Pollo Asado', 4900, 1, '2019-06-11 00:00:00', '0000-00-00 00:00:00', '0000-00-00 00:00:00'),
(19, 5, 'Recarga metro', 10000, 1, '2019-06-07 00:00:00', '0000-00-00 00:00:00', '0000-00-00 00:00:00'),
(21, 6, 'Gastos confort + coso calefont', 10000, 1, '2019-06-10 00:00:00', '0000-00-00 00:00:00', '0000-00-00 00:00:00'),
(22, 5, 'Recarga PrePower', 5290, 1, '2019-06-12 00:00:00', '0000-00-00 00:00:00', '0000-00-00 00:00:00'),
(23, 1, 'Once', 3500, 1, '2019-06-13 00:00:00', '0000-00-00 00:00:00', '0000-00-00 00:00:00'),
(24, 1, 'Once', 1600, 1, '2019-06-14 00:00:00', '0000-00-00 00:00:00', '0000-00-00 00:00:00'),
(25, 1, 'Compra super', 31000, 1, '2019-06-16 00:00:00', '0000-00-00 00:00:00', '0000-00-00 00:00:00'),
(26, 5, 'Carga BIP', 10000, 1, '2019-06-17 00:00:00', '0000-00-00 00:00:00', '0000-00-00 00:00:00'),
(27, 1, 'Once', 2300, 1, '2019-06-18 00:00:00', '0000-00-00 00:00:00', '0000-00-00 00:00:00'),
(28, 5, 'Prepower', 5200, 1, '2019-06-19 00:00:00', '0000-00-00 00:00:00', '0000-00-00 00:00:00'),
(29, 5, 'Bono Nibia', 50000, 1, '2019-06-20 00:00:00', '0000-00-00 00:00:00', '0000-00-00 00:00:00'),
(30, 1, 'Compra super', 21000, 1, '2019-06-21 00:00:00', '0000-00-00 00:00:00', '0000-00-00 00:00:00'),
(31, 1, 'Almuerzo', 4500, 1, '2019-06-26 00:00:00', '0000-00-00 00:00:00', '0000-00-00 00:00:00'),
(32, 5, 'Recarga bip', 10000, 1, '2019-06-26 00:00:00', '0000-00-00 00:00:00', '0000-00-00 00:00:00'),
(33, 1, 'desayuno', 1300, 1, '2019-06-26 00:00:00', '0000-00-00 00:00:00', '0000-00-00 00:00:00'),
(34, 5, 'Prepower', 5290, 1, '2019-06-26 00:00:00', '0000-00-00 00:00:00', '0000-00-00 00:00:00'),
(35, 1, 'Almuerzo', 5580, 1, '2019-06-27 00:00:00', '0000-00-00 00:00:00', '0000-00-00 00:00:00'),
(36, 1, 'Compra Super', 19000, 1, '2019-06-28 00:00:00', '0000-00-00 00:00:00', '0000-00-00 00:00:00'),
(37, 1, 'Pollo Asado', 4900, 1, '2019-07-01 00:00:00', '0000-00-00 00:00:00', '0000-00-00 00:00:00'),
(38, 5, 'Recarga celu Nibia', 2000, 1, '2019-07-02 00:00:00', '0000-00-00 00:00:00', '0000-00-00 00:00:00'),
(39, 5, 'Pago cuota CAE', 16430, 1, '2019-07-02 00:00:00', '0000-00-00 00:00:00', '0000-00-00 00:00:00'),
(40, 2, 'Yug', 6000, 1, '2019-07-02 00:00:00', '0000-00-00 00:00:00', '0000-00-00 00:00:00'),
(41, 5, 'Prepower Entel', 5290, 1, '2019-07-03 00:00:00', '0000-00-00 00:00:00', '0000-00-00 00:00:00'),
(42, 5, 'Recarga bip', 10000, 1, '2019-07-04 00:00:00', '0000-00-00 00:00:00', '0000-00-00 00:00:00'),
(43, 1, 'Compra super', 17000, 1, '2019-07-05 00:00:00', '0000-00-00 00:00:00', '0000-00-00 00:00:00'),
(44, 5, 'Arriendo Junio', 134000, 1, '2019-07-06 00:00:00', '0000-00-00 00:00:00', '0000-00-00 00:00:00'),
(45, 1, 'Desayuno', 2500, 1, '2019-07-09 00:00:00', '0000-00-00 00:00:00', '0000-00-00 00:00:00'),
(46, 1, 'Desayuno', 1500, 1, '2019-07-10 00:00:00', '0000-00-00 00:00:00', '0000-00-00 00:00:00'),
(47, 5, 'Recarga Prepower', 5290, 1, '2019-07-10 00:00:00', '0000-00-00 00:00:00', '0000-00-00 00:00:00'),
(48, 1, 'Super', 23000, 1, '2019-07-12 00:00:00', '0000-00-00 00:00:00', '0000-00-00 00:00:00'),
(49, 5, 'Recarga bip', 10000, 1, '2019-07-12 00:00:00', '0000-00-00 00:00:00', '0000-00-00 00:00:00'),
(50, 1, 'Compra super', 10000, 1, '2019-07-15 00:00:00', '0000-00-00 00:00:00', '0000-00-00 00:00:00'),
(51, 5, 'Bono Nibia', 50000, 1, '2019-07-15 00:00:00', '0000-00-00 00:00:00', '0000-00-00 00:00:00'),
(52, 1, 'Once', 2300, 1, '2019-07-17 00:00:00', '0000-00-00 00:00:00', '0000-00-00 00:00:00'),
(53, 5, 'Prepower', 5290, 1, '2019-07-17 00:00:00', '0000-00-00 00:00:00', '0000-00-00 00:00:00'),
(54, 1, 'Compra super', 15500, 1, '2019-07-19 00:00:00', '0000-00-00 00:00:00', '0000-00-00 00:00:00'),
(55, 5, 'Recarga bip', 10000, 1, '2019-07-23 00:00:00', '0000-00-00 00:00:00', '0000-00-00 00:00:00'),
(56, 5, 'Recarga entel', 5290, 1, '2019-07-24 00:00:00', '0000-00-00 00:00:00', '0000-00-00 00:00:00'),
(57, 1, 'Almuerzo', 3000, 1, '2019-07-26 00:00:00', '0000-00-00 00:00:00', '0000-00-00 00:00:00'),
(58, 1, 'Compra super', 23000, 1, '2019-07-26 00:00:00', '0000-00-00 00:00:00', '0000-00-00 00:00:00'),
(59, 1, 'Almuerzo', 4200, 1, '2019-07-29 00:00:00', '0000-00-00 00:00:00', '0000-00-00 00:00:00'),
(60, 1, 'Almuerzo', 4100, 1, '2019-07-30 00:00:00', '0000-00-00 00:00:00', '0000-00-00 00:00:00'),
(61, 1, 'Almuerzo', 5500, 1, '2019-07-31 00:00:00', '0000-00-00 00:00:00', '0000-00-00 00:00:00'),
(62, 5, 'Prepower entel', 5290, 1, '2019-07-31 00:00:00', '0000-00-00 00:00:00', '0000-00-00 00:00:00'),
(63, 1, 'Compra super', 25500, 1, '2019-08-02 00:00:00', '0000-00-00 00:00:00', '0000-00-00 00:00:00'),
(64, 5, 'Recarga metro', 10000, 1, '2019-08-02 00:00:00', '0000-00-00 00:00:00', '0000-00-00 00:00:00'),
(65, 5, 'Cuota CAE', 16440, 1, '2019-08-03 00:00:00', '0000-00-00 00:00:00', '0000-00-00 00:00:00'),
(66, 5, 'Arriendo Julio', 163400, 1, '2019-08-05 00:00:00', '0000-00-00 00:00:00', '0000-00-00 00:00:00'),
(67, 6, 'Arreglo lavadora', 20000, 1, '2019-08-05 00:00:00', '0000-00-00 00:00:00', '0000-00-00 00:00:00'),
(68, 6, 'Compra confort', 6000, 1, '2019-08-05 00:00:00', '0000-00-00 00:00:00', '0000-00-00 00:00:00'),
(69, 5, 'Recarga Entel', 5290, 1, '2019-08-07 00:00:00', '0000-00-00 00:00:00', '0000-00-00 00:00:00'),
(70, 1, 'Compra super', 17000, 1, '2019-08-09 00:00:00', '0000-00-00 00:00:00', '0000-00-00 00:00:00'),
(71, 5, 'Bono Nibia', 50000, 1, '2019-08-10 00:00:00', '0000-00-00 00:00:00', '0000-00-00 00:00:00'),
(72, 1, 'Once', 2200, 1, '2019-08-12 00:00:00', '0000-00-00 00:00:00', '0000-00-00 00:00:00'),
(73, 5, 'Recarga bip', 10000, 1, '2019-08-12 00:00:00', '0000-00-00 00:00:00', '0000-00-00 00:00:00'),
(74, 5, 'Prepower entel', 5290, 1, '2019-08-14 00:00:00', '0000-00-00 00:00:00', '0000-00-00 00:00:00'),
(75, 1, 'Once', 2000, 1, '2019-08-14 00:00:00', '0000-00-00 00:00:00', '0000-00-00 00:00:00'),
(76, 1, 'Compra super', 27000, 1, '2019-08-16 00:00:00', '0000-00-00 00:00:00', '0000-00-00 00:00:00'),
(77, 5, 'Recarga movistar', 5000, 1, '2019-08-17 00:00:00', '0000-00-00 00:00:00', '0000-00-00 00:00:00'),
(78, 1, 'Once', 2000, 1, '2019-08-19 00:00:00', '0000-00-00 00:00:00', '0000-00-00 00:00:00'),
(79, 5, 'Recarga bip', 10000, 1, '2019-08-21 00:00:00', '0000-00-00 00:00:00', '0000-00-00 00:00:00'),
(80, 5, 'Recarga prepower', 5290, 1, '2019-08-21 00:00:00', '0000-00-00 00:00:00', '0000-00-00 00:00:00'),
(81, 1, 'Compra super', 15000, 1, '2019-08-23 00:00:00', '0000-00-00 00:00:00', '0000-00-00 00:00:00'),
(82, 5, 'Prepower', 5290, 1, '2019-08-28 00:00:00', '0000-00-00 00:00:00', '0000-00-00 00:00:00'),
(83, 1, 'Compra super', 17500, 1, '2019-08-30 00:00:00', '0000-00-00 00:00:00', '0000-00-00 00:00:00'),
(84, 5, 'Recarga Bip', 10000, 1, '2019-08-30 00:00:00', '0000-00-00 00:00:00', '0000-00-00 00:00:00'),
(85, 1, 'Desayuno con los kbros', 15000, 1, '2019-08-30 00:00:00', '0000-00-00 00:00:00', '0000-00-00 00:00:00'),
(86, 5, 'Pago cuota CAE', 16570, 1, '2019-09-02 00:00:00', '0000-00-00 00:00:00', '0000-00-00 00:00:00'),
(97, 1, 'Compra super', 35000, 1, '2019-09-06 00:00:00', '0000-00-00 00:00:00', '0000-00-00 00:00:00'),
(96, 5, 'Prepower', 5290, 1, '2019-09-04 00:00:00', '0000-00-00 00:00:00', '0000-00-00 00:00:00'),
(95, 5, 'Arriendo Agosto', 160100, 1, '2019-09-04 00:00:00', '0000-00-00 00:00:00', '0000-00-00 00:00:00'),
(94, 1, 'Once', 2500, 1, '2019-09-03 00:00:00', '0000-00-00 00:00:00', '0000-00-00 00:00:00'),
(98, 5, 'Recarga Bip', 8000, 1, '2019-09-06 00:00:00', '0000-00-00 00:00:00', '0000-00-00 00:00:00'),
(99, 1, 'Once', 1500, 1, '2019-09-09 00:00:00', '0000-00-00 00:00:00', '0000-00-00 00:00:00'),
(100, 5, 'Recarga prepower', 5290, 1, '2019-09-11 00:00:00', '0000-00-00 00:00:00', '0000-00-00 00:00:00'),
(101, 5, 'Recarga bip', 10000, 1, '2019-09-13 00:00:00', '0000-00-00 00:00:00', '0000-00-00 00:00:00'),
(102, 1, 'Compra Super', 27500, 1, '2019-09-13 00:00:00', '0000-00-00 00:00:00', '0000-00-00 00:00:00'),
(103, 5, 'Recarga Nibia celu', 3000, 1, '2019-09-19 00:00:00', '0000-00-00 00:00:00', '0000-00-00 00:00:00'),
(104, 1, 'Compra Super ', 15000, 1, '2019-09-19 00:00:00', '0000-00-00 00:00:00', '0000-00-00 00:00:00'),
(105, 1, 'Pollo Asado', 4200, 1, '2019-09-21 00:00:00', '0000-00-00 00:00:00', '0000-00-00 00:00:00'),
(106, 1, 'Compra super', 10000, 1, '2019-09-21 00:00:00', '0000-00-00 00:00:00', '0000-00-00 00:00:00'),
(107, 1, 'Once', 3500, 1, '2019-09-24 00:00:00', '0000-00-00 00:00:00', '0000-00-00 00:00:00'),
(108, 1, 'Almuerzo', 4000, 1, '2019-09-25 00:00:00', '0000-00-00 00:00:00', '0000-00-00 00:00:00'),
(109, 5, 'Prepower', 5290, 1, '2019-09-25 00:00:00', '0000-00-00 00:00:00', '0000-00-00 00:00:00'),
(110, 1, 'Almuerzo', 4400, 1, '2019-09-26 00:00:00', '0000-00-00 00:00:00', '0000-00-00 00:00:00'),
(111, 1, 'Almuerzo', 4800, 1, '2019-09-27 00:00:00', '0000-00-00 00:00:00', '0000-00-00 00:00:00'),
(112, 1, 'Compra super', 22000, 1, '2019-09-29 00:00:00', '0000-00-00 00:00:00', '0000-00-00 00:00:00'),
(113, 1, 'Pollo Asado', 4000, 1, '2019-09-29 00:00:00', '0000-00-00 00:00:00', '0000-00-00 00:00:00'),
(114, 5, 'Bono Nibia', 50000, 1, '2019-09-30 00:00:00', '0000-00-00 00:00:00', '0000-00-00 00:00:00'),
(115, 1, 'Almuerzo', 4400, 1, '2019-09-30 00:00:00', '0000-00-00 00:00:00', '0000-00-00 00:00:00'),
(116, 5, 'Recarga bip', 5000, 1, '2019-09-24 00:00:00', '0000-00-00 00:00:00', '0000-00-00 00:00:00'),
(117, 5, 'Recarga bip', 10000, 1, '2019-10-01 00:00:00', '0000-00-00 00:00:00', '0000-00-00 00:00:00'),
(118, 1, 'Once', 1500, 1, '2019-10-01 00:00:00', '0000-00-00 00:00:00', '0000-00-00 00:00:00'),
(119, 5, 'Prepower entel', 5290, 1, '2019-10-02 00:00:00', '0000-00-00 00:00:00', '0000-00-00 00:00:00'),
(120, 1, 'Compra super', 14500, 1, '2019-10-04 00:00:00', '0000-00-00 00:00:00', '0000-00-00 00:00:00'),
(121, 5, 'CAE', 16510, 1, '2019-10-05 00:00:00', '0000-00-00 00:00:00', '0000-00-00 00:00:00'),
(122, 5, 'Arriendo', 158400, 1, '2019-10-07 00:00:00', '0000-00-00 00:00:00', '0000-00-00 00:00:00'),
(123, 1, 'ONCE', 3000, 1, '2019-10-08 00:00:00', '0000-00-00 00:00:00', '0000-00-00 00:00:00'),
(124, 1, 'ONCE', 1800, 1, '2019-10-09 00:00:00', '0000-00-00 00:00:00', '0000-00-00 00:00:00'),
(125, 5, 'Recarga bip', 10000, 1, '2019-10-09 00:00:00', '0000-00-00 00:00:00', '0000-00-00 00:00:00'),
(126, 5, 'Prepower', 5290, 1, '2019-10-09 00:00:00', '0000-00-00 00:00:00', '0000-00-00 00:00:00'),
(127, 1, 'Compra super', 14000, 1, '2019-10-11 00:00:00', '0000-00-00 00:00:00', '0000-00-00 00:00:00'),
(128, 1, 'desayuno', 2500, 1, '2019-10-14 00:00:00', '0000-00-00 00:00:00', '0000-00-00 00:00:00'),
(129, 2, 'Paypal', 3741, 1, '2019-10-14 00:00:00', '0000-00-00 00:00:00', '0000-00-00 00:00:00'),
(130, 1, 'Desayuno', 4200, 1, '2019-10-15 00:00:00', '0000-00-00 00:00:00', '0000-00-00 00:00:00'),
(131, 5, 'recarga bip', 10000, 1, '2019-10-17 00:00:00', '0000-00-00 00:00:00', '0000-00-00 00:00:00'),
(132, 5, 'Recarga movistar', 3000, 1, '2019-10-20 00:00:00', '0000-00-00 00:00:00', '0000-00-00 00:00:00'),
(133, 1, 'Compra super', 20000, 1, '2019-10-18 00:00:00', '0000-00-00 00:00:00', '0000-00-00 00:00:00'),
(134, 1, 'Once', 1500, 1, '2019-10-18 00:00:00', '0000-00-00 00:00:00', '0000-00-00 00:00:00'),
(135, 5, 'Prepower', 5290, 1, '2019-10-16 00:00:00', '0000-00-00 00:00:00', '0000-00-00 00:00:00'),
(137, 5, 'Prepower', 5290, 1, '2019-10-23 00:00:00', '0000-00-00 00:00:00', '0000-00-00 00:00:00'),
(138, 1, 'Compra super', 25305, 1, '2019-10-25 00:00:00', '0000-00-00 00:00:00', '0000-00-00 00:00:00'),
(139, 1, 'Compra super', 15000, 1, '2019-10-28 00:00:00', '0000-00-00 00:00:00', '0000-00-00 00:00:00'),
(140, 1, 'Compra super', 7000, 1, '2019-10-29 00:00:00', '0000-00-00 00:00:00', '0000-00-00 00:00:00'),
(141, 5, 'Prepower', 5290, 1, '2019-10-30 00:00:00', '0000-00-00 00:00:00', '0000-00-00 00:00:00'),
(142, 2, 'Mach', 3000, 1, '2019-10-30 00:00:00', '0000-00-00 00:00:00', '0000-00-00 00:00:00'),
(143, 5, 'CAE', 16510, 1, '2019-11-01 00:00:00', '0000-00-00 00:00:00', '0000-00-00 00:00:00'),
(144, 1, 'Compra super', 33000, 1, '2019-11-03 00:00:00', '0000-00-00 00:00:00', '0000-00-00 00:00:00'),
(145, 1, 'ONCE', 3000, 1, '2019-11-05 00:00:00', '0000-00-00 00:00:00', '0000-00-00 00:00:00'),
(146, 5, 'Arriendo', 158400, 1, '2019-11-06 00:00:00', '0000-00-00 00:00:00', '0000-00-00 00:00:00'),
(147, 5, 'Prepower', 5290, 1, '2019-11-07 00:00:00', '0000-00-00 00:00:00', '0000-00-00 00:00:00'),
(148, 1, 'Compra super', 22000, 1, '2019-11-09 00:00:00', '0000-00-00 00:00:00', '0000-00-00 00:00:00'),
(149, 2, 'Steam', 6000, 1, '2019-11-10 00:00:00', '0000-00-00 00:00:00', '0000-00-00 00:00:00'),
(150, 5, 'Recarga bip', 7000, 1, '2019-11-11 00:00:00', '0000-00-00 00:00:00', '0000-00-00 00:00:00'),
(151, 5, 'Prepower', 5290, 1, '2019-11-13 00:00:00', '0000-00-00 00:00:00', '0000-00-00 00:00:00'),
(152, 1, 'Once', 3500, 1, '2019-11-13 00:00:00', '0000-00-00 00:00:00', '0000-00-00 00:00:00'),
(153, 1, 'Once', 5600, 1, '2019-11-12 00:00:00', '0000-00-00 00:00:00', '0000-00-00 00:00:00'),
(154, 3, 'Poke ', 42000, 1, '2019-11-16 00:00:00', '0000-00-00 00:00:00', '0000-00-00 00:00:00'),
(155, 1, 'Compra super', 20000, 1, '2019-11-16 00:00:00', '0000-00-00 00:00:00', '0000-00-00 00:00:00'),
(156, 1, 'Pollo Asado', 6100, 1, '2019-11-16 00:00:00', '0000-00-00 00:00:00', '0000-00-00 00:00:00'),
(157, 2, 'Nintendo online', 3500, 1, '2019-11-16 00:00:00', '0000-00-00 00:00:00', '0000-00-00 00:00:00'),
(158, 5, 'Bono Nibia', 50000, 1, '2019-11-20 00:00:00', '0000-00-00 00:00:00', '0000-00-00 00:00:00'),
(159, 5, 'Recarga bip', 10000, 1, '2019-11-16 00:00:00', '0000-00-00 00:00:00', '0000-00-00 00:00:00'),
(160, 5, 'Recarga entel', 5290, 1, '2019-11-20 00:00:00', '0000-00-00 00:00:00', '0000-00-00 00:00:00'),
(161, 2, 'Switch online año', 3600, 1, '2019-11-21 00:00:00', '0000-00-00 00:00:00', '0000-00-00 00:00:00'),
(162, 1, 'Compra super', 15290, 1, '2019-11-23 00:00:00', '0000-00-00 00:00:00', '0000-00-00 00:00:00'),
(163, 1, 'Pollo asado', 6490, 1, '2019-11-23 00:00:00', '0000-00-00 00:00:00', '0000-00-00 00:00:00'),
(164, 5, 'Recarga Bip', 10000, 1, '2019-11-25 00:00:00', '0000-00-00 00:00:00', '0000-00-00 00:00:00'),
(165, 1, 'Almuerzo', 4000, 1, '2019-11-28 00:00:00', '0000-00-00 00:00:00', '0000-00-00 00:00:00'),
(166, 1, 'Compra super', 37000, 1, '2019-12-01 00:00:00', '0000-00-00 00:00:00', '0000-00-00 00:00:00'),
(167, 1, 'Almuerzo', 5700, 1, '2019-11-29 00:00:00', '0000-00-00 00:00:00', '0000-00-00 00:00:00'),
(168, 5, 'Arriendo Diciembre', 280000, 1, '2019-12-03 00:00:00', '0000-00-00 00:00:00', '0000-00-00 00:00:00'),
(169, 6, 'Mes de garantía', 280000, 1, '2019-12-03 00:00:00', '0000-00-00 00:00:00', '0000-00-00 00:00:00'),
(170, 6, 'Comisión corretaje', 140000, 1, '2019-12-03 00:00:00', '0000-00-00 00:00:00', '0000-00-00 00:00:00'),
(171, 5, 'Cuota CAE', 16610, 1, '2019-12-03 00:00:00', '0000-00-00 00:00:00', '0000-00-00 00:00:00'),
(172, 5, 'Gasto Común Noviembre', 18400, 1, '2019-12-03 00:00:00', '0000-00-00 00:00:00', '0000-00-00 00:00:00'),
(173, 5, 'Prepower Entel', 5290, 1, '2019-12-04 00:00:00', '0000-00-00 00:00:00', '0000-00-00 00:00:00'),
(174, 1, 'Once', 3300, 1, '2019-12-05 00:00:00', '0000-00-00 00:00:00', '0000-00-00 00:00:00'),
(175, 1, 'once', 3300, 1, '2019-12-10 00:00:00', '0000-00-00 00:00:00', '0000-00-00 00:00:00'),
(176, 4, 'Pasta dental', 1700, 1, '2019-12-10 00:00:00', '0000-00-00 00:00:00', '0000-00-00 00:00:00'),
(177, 5, 'Recarga bip', 10000, 1, '2019-12-10 00:00:00', '0000-00-00 00:00:00', '0000-00-00 00:00:00'),
(178, 1, 'Compra super', 30000, 1, '2019-12-08 00:00:00', '0000-00-00 00:00:00', '0000-00-00 00:00:00'),
(179, 2, 'Patreon', 4000, 1, '2019-11-28 00:00:00', '0000-00-00 00:00:00', '0000-00-00 00:00:00'),
(180, 5, 'Prepower entel', 5290, 1, '2019-12-11 00:00:00', '0000-00-00 00:00:00', '0000-00-00 00:00:00'),
(181, 1, 'Compra super', 23500, 1, '2019-12-14 00:00:00', '0000-00-00 00:00:00', '0000-00-00 00:00:00'),
(182, 1, 'Pollo asado', 6800, 1, '2019-12-14 00:00:00', '0000-00-00 00:00:00', '0000-00-00 00:00:00'),
(183, 5, 'Bono nibia', 50000, 1, '2019-12-14 00:00:00', '0000-00-00 00:00:00', '0000-00-00 00:00:00'),
(184, 5, 'Recarga bip', 10000, 1, '2019-12-18 00:00:00', '0000-00-00 00:00:00', '0000-00-00 00:00:00'),
(185, 5, 'Prepower', 5290, 1, '2019-12-18 00:00:00', '0000-00-00 00:00:00', '0000-00-00 00:00:00'),
(186, 1, 'Once', 2000, 1, '2019-12-20 00:00:00', '0000-00-00 00:00:00', '0000-00-00 00:00:00'),
(187, 1, 'Compra super', 22300, 1, '2019-12-21 00:00:00', '0000-00-00 00:00:00', '0000-00-00 00:00:00'),
(188, 3, 'Soporte tv', 7000, 1, '2019-12-21 00:00:00', '0000-00-00 00:00:00', '0000-00-00 00:00:00'),
(189, 1, 'Almuerzo', 4700, 1, '2019-12-21 00:00:00', '0000-00-00 00:00:00', '0000-00-00 00:00:00'),
(190, 2, 'Pkhex', 5000, 1, '2019-12-24 00:00:00', '0000-00-00 00:00:00', '0000-00-00 00:00:00'),
(191, 5, 'Prepower', 5290, 1, '2019-12-25 00:00:00', '0000-00-00 00:00:00', '0000-00-00 00:00:00'),
(192, 1, 'Almuerzo', 2600, 1, '2019-12-23 00:00:00', '0000-00-00 00:00:00', '0000-00-00 00:00:00'),
(193, 1, 'Almuerzo', 6100, 1, '2019-12-28 00:00:00', '0000-00-00 00:00:00', '0000-00-00 00:00:00'),
(194, 1, 'Compra super', 33000, 1, '2019-12-28 00:00:00', '0000-00-00 00:00:00', '0000-00-00 00:00:00'),
(195, 1, 'Once', 2500, 1, '2019-12-26 00:00:00', '0000-00-00 00:00:00', '0000-00-00 00:00:00'),
(196, 5, 'Cuota 14 CAE', 16650, 1, '2020-01-01 00:00:00', '0000-00-00 00:00:00', '0000-00-00 00:00:00'),
(197, 3, 'TV SAMSUNG', 450000, 1, '2020-01-01 00:00:00', '0000-00-00 00:00:00', '0000-00-00 00:00:00'),
(198, 1, 'Compra super', 25000, 1, '2020-01-01 00:00:00', '0000-00-00 00:00:00', '0000-00-00 00:00:00'),
(199, 5, 'Prepower entel', 5290, 1, '2020-01-01 00:00:00', '0000-00-00 00:00:00', '0000-00-00 00:00:00'),
(200, 1, 'Once', 6500, 1, '2020-01-02 00:00:00', '0000-00-00 00:00:00', '0000-00-00 00:00:00'),
(201, 1, 'Compra super', 21000, 1, '2020-01-03 00:00:00', '0000-00-00 00:00:00', '0000-00-00 00:00:00'),
(202, 5, 'Gastos Diciembre', 18262, 1, '2020-01-04 00:00:00', '0000-00-00 00:00:00', '0000-00-00 00:00:00'),
(203, 5, 'Arriendo Enero', 280000, 1, '2020-01-04 00:00:00', '0000-00-00 00:00:00', '0000-00-00 00:00:00'),
(204, 3, 'Silla gamer', 160000, 1, '2020-01-05 00:00:00', '0000-00-00 00:00:00', '0000-00-00 00:00:00'),
(205, 1, 'once', 2000, 1, '2020-01-06 00:00:00', '0000-00-00 00:00:00', '0000-00-00 00:00:00'),
(206, 5, 'Recarga bip', 10000, 1, '2020-01-06 00:00:00', '0000-00-00 00:00:00', '0000-00-00 00:00:00'),
(207, 5, 'Prepower', 5290, 1, '2020-01-08 00:00:00', '0000-00-00 00:00:00', '0000-00-00 00:00:00'),
(208, 1, 'Empanadas', 3380, 1, '2020-01-09 00:00:00', '0000-00-00 00:00:00', '0000-00-00 00:00:00'),
(209, 1, 'Compra super', 27000, 1, '2020-01-12 00:00:00', '0000-00-00 00:00:00', '0000-00-00 00:00:00'),
(210, 1, 'Pollo asado', 4900, 1, '2020-01-12 00:00:00', '0000-00-00 00:00:00', '0000-00-00 00:00:00'),
(211, 3, 'Cosas vivi', 100000, 1, '2020-01-13 00:00:00', '0000-00-00 00:00:00', '0000-00-00 00:00:00'),
(212, 5, 'Bono Nibia', 50000, 1, '2020-01-13 00:00:00', '0000-00-00 00:00:00', '0000-00-00 00:00:00'),
(213, 1, 'Once', 2500, 1, '2020-01-13 00:00:00', '0000-00-00 00:00:00', '0000-00-00 00:00:00'),
(214, 5, 'Recarga bip', 10000, 1, '2020-01-14 00:00:00', '0000-00-00 00:00:00', '0000-00-00 00:00:00'),
(215, 3, 'Compra router huawei', 53000, 1, '2020-01-15 00:00:00', '0000-00-00 00:00:00', '0000-00-00 00:00:00'),
(216, 5, 'Prepower entel', 5290, 1, '2020-01-15 00:00:00', '0000-00-00 00:00:00', '0000-00-00 00:00:00'),
(217, 3, 'Chips prepago', 4000, 1, '2020-01-20 00:00:00', '0000-00-00 00:00:00', '0000-00-00 00:00:00'),
(218, 1, 'Once', 2500, 1, '2020-01-20 00:00:00', '0000-00-00 00:00:00', '0000-00-00 00:00:00'),
(219, 3, 'Cable de red', 3000, 1, '2020-01-21 00:00:00', '0000-00-00 00:00:00', '0000-00-00 00:00:00'),
(220, 1, 'Desayuno', 3300, 1, '2020-01-21 00:00:00', '0000-00-00 00:00:00', '0000-00-00 00:00:00'),
(221, 6, 'Compra super', 3000, 1, '2020-01-22 00:00:00', '0000-00-00 00:00:00', '0000-00-00 00:00:00'),
(222, 5, 'Recarga bip', 10000, 1, '2020-01-22 00:00:00', '0000-00-00 00:00:00', '0000-00-00 00:00:00'),
(223, 5, 'Prepower entel', 5290, 1, '2020-01-22 00:00:00', '0000-00-00 00:00:00', '0000-00-00 00:00:00'),
(224, 1, 'Compra super', 36000, 1, '2020-01-25 00:00:00', '0000-00-00 00:00:00', '0000-00-00 00:00:00'),
(225, 1, 'Almuerzo', 3000, 1, '2020-01-25 00:00:00', '0000-00-00 00:00:00', '0000-00-00 00:00:00'),
(226, 1, 'Almuerzo', 4400, 1, '2020-01-27 00:00:00', '0000-00-00 00:00:00', '0000-00-00 00:00:00'),
(227, 1, 'Once', 1500, 1, '2020-01-28 00:00:00', '0000-00-00 00:00:00', '0000-00-00 00:00:00'),
(228, 3, 'Aire', 214000, 1, '2020-01-30 00:00:00', '0000-00-00 00:00:00', '0000-00-00 00:00:00'),
(229, 1, 'Almuerzo', 4650, 1, '2020-01-29 00:00:00', '0000-00-00 00:00:00', '0000-00-00 00:00:00'),
(230, 1, 'Almuerzo', 4400, 1, '2020-01-30 00:00:00', '0000-00-00 00:00:00', '0000-00-00 00:00:00'),
(231, 5, 'Prepower', 5290, 1, '2020-01-29 00:00:00', '0000-00-00 00:00:00', '0000-00-00 00:00:00'),
(232, 5, 'Cuota CAE', 16670, 1, '2020-02-01 00:00:00', '0000-00-00 00:00:00', '0000-00-00 00:00:00'),
(233, 1, 'Almuerzo', 5600, 1, '2020-01-31 00:00:00', '0000-00-00 00:00:00', '0000-00-00 00:00:00'),
(234, 5, 'Carga bip', 10000, 1, '2020-01-31 00:00:00', '0000-00-00 00:00:00', '0000-00-00 00:00:00'),
(235, 5, 'Recarga bip', 1000, 1, '2020-01-31 00:00:00', '0000-00-00 00:00:00', '0000-00-00 00:00:00'),
(236, 1, 'Almuerzo', 3000, 1, '2020-02-01 00:00:00', '0000-00-00 00:00:00', '0000-00-00 00:00:00'),
(237, 1, 'Compra super', 32000, 1, '2020-02-01 00:00:00', '0000-00-00 00:00:00', '0000-00-00 00:00:00'),
(238, 3, 'Puff XL', 20000, 1, '2020-02-01 00:00:00', '0000-00-00 00:00:00', '0000-00-00 00:00:00'),
(239, 5, 'Arriendo Enero', 280000, 1, '2020-02-04 00:00:00', '0000-00-00 00:00:00', '0000-00-00 00:00:00'),
(240, 5, 'Gastos Enero', 21000, 1, '2020-02-04 00:00:00', '0000-00-00 00:00:00', '0000-00-00 00:00:00'),
(241, 2, 'Recarga celu Nibia', 3000, 1, '2020-02-04 00:00:00', '0000-00-00 00:00:00', '0000-00-00 00:00:00'),
(242, 5, 'Prepower entel', 5290, 1, '2020-02-05 00:00:00', '0000-00-00 00:00:00', '0000-00-00 00:00:00'),
(243, 6, 'Materiales casa', 6500, 1, '2020-02-07 00:00:00', '0000-00-00 00:00:00', '0000-00-00 00:00:00'),
(244, 1, 'Almuerzo + Once', 4500, 1, '2020-02-07 00:00:00', '0000-00-00 00:00:00', '0000-00-00 00:00:00'),
(245, 1, 'Compra super', 23500, 1, '2020-02-08 00:00:00', '0000-00-00 00:00:00', '0000-00-00 00:00:00'),
(246, 3, 'Puff XL', 20000, 1, '2020-02-08 00:00:00', '0000-00-00 00:00:00', '0000-00-00 00:00:00'),
(247, 1, 'Almuerzo + Once', 6490, 1, '2020-02-08 00:00:00', '0000-00-00 00:00:00', '0000-00-00 00:00:00'),
(248, 1, 'Almuerzo+Once', 3500, 1, '2020-02-12 00:00:00', '0000-00-00 00:00:00', '0000-00-00 00:00:00'),
(249, 5, 'Prepower Entel', 5290, 1, '2020-02-12 00:00:00', '0000-00-00 00:00:00', '0000-00-00 00:00:00'),
(250, 1, 'Deuda pipe', 4000, 1, '2020-02-12 00:00:00', '0000-00-00 00:00:00', '0000-00-00 00:00:00'),
(251, 1, 'Compra super', 26000, 1, '2020-02-15 00:00:00', '0000-00-00 00:00:00', '0000-00-00 00:00:00'),
(252, 5, 'Recarga bip', 10000, 1, '2020-02-19 00:00:00', '0000-00-00 00:00:00', '0000-00-00 00:00:00'),
(253, 1, 'Compra super', 20400, 1, '2020-02-21 00:00:00', '0000-00-00 00:00:00', '0000-00-00 00:00:00'),
(254, 1, 'Once', 1600, 1, '2020-02-25 00:00:00', '0000-00-00 00:00:00', '0000-00-00 00:00:00'),
(255, 5, 'Recarga Movistar', 3000, 1, '2020-03-01 00:00:00', '0000-00-00 00:00:00', '0000-00-00 00:00:00'),
(256, 5, 'Recarga bip', 12000, 1, '2020-02-27 00:00:00', '0000-00-00 00:00:00', '0000-00-00 00:00:00'),
(257, 1, 'Almuerzo', 3000, 1, '2020-02-29 00:00:00', '0000-00-00 00:00:00', '0000-00-00 00:00:00'),
(258, 1, 'Compra super', 23000, 1, '2020-02-29 00:00:00', '0000-00-00 00:00:00', '0000-00-00 00:00:00'),
(259, 3, 'Pago Cosas vivi', 100000, 1, '2020-03-01 00:00:00', '0000-00-00 00:00:00', '0000-00-00 00:00:00'),
(260, 5, 'Recarga Bip', 6000, 1, '2020-03-02 00:00:00', '0000-00-00 00:00:00', '0000-00-00 00:00:00'),
(261, 5, 'Recarga bip', 10000, 1, '2020-03-02 00:00:00', '0000-00-00 00:00:00', '0000-00-00 00:00:00'),
(262, 5, 'Arriendo Marzo', 280000, 1, '2020-03-03 00:00:00', '0000-00-00 00:00:00', '0000-00-00 00:00:00'),
(263, 5, 'Gastos comunes', 20000, 1, '2020-03-03 00:00:00', '0000-00-00 00:00:00', '0000-00-00 00:00:00'),
(264, 1, 'Almuerzo', 6000, 1, '2020-03-04 00:00:00', '0000-00-00 00:00:00', '0000-00-00 00:00:00'),
(265, 5, 'Prepower', 5290, 1, '2020-03-04 00:00:00', '0000-00-00 00:00:00', '0000-00-00 00:00:00'),
(266, 3, 'Switch', 300000, 1, '2020-03-06 00:00:00', '0000-00-00 00:00:00', '0000-00-00 00:00:00'),
(267, 1, 'Once', 1500, 1, '2020-03-05 00:00:00', '0000-00-00 00:00:00', '0000-00-00 00:00:00'),
(268, 1, 'Compra super', 25000, 1, '2020-03-06 00:00:00', '0000-00-00 00:00:00', '0000-00-00 00:00:00'),
(269, 1, 'Partuza con los K', 10200, 1, '2020-03-07 00:00:00', '0000-00-00 00:00:00', '0000-00-00 00:00:00'),
(270, 5, 'Recarga entel', 5290, 1, '2020-03-11 00:00:00', '0000-00-00 00:00:00', '0000-00-00 00:00:00'),
(271, 1, 'Almuerzo', 5000, 1, '2020-03-10 00:00:00', '0000-00-00 00:00:00', '0000-00-00 00:00:00'),
(272, 5, 'Recarga bip', 10000, 1, '2020-03-12 00:00:00', '0000-00-00 00:00:00', '0000-00-00 00:00:00'),
(273, 5, 'Pago cae', 16810, 1, '2020-03-13 00:00:00', '0000-00-00 00:00:00', '0000-00-00 00:00:00'),
(274, 1, 'Compra super', 26000, 1, '2020-03-14 00:00:00', '0000-00-00 00:00:00', '0000-00-00 00:00:00'),
(275, 1, 'Almuerzo+once', 6590, 1, '2020-03-14 00:00:00', '0000-00-00 00:00:00', '0000-00-00 00:00:00'),
(276, 5, 'Prepower', 5290, 1, '2020-03-18 00:00:00', NULL, NULL),
(277, 1, 'Compra super', 7500, 1, '2020-03-16 00:00:00', NULL, NULL),
(278, 3, 'Perlas plumavit', 16000, 1, '2020-03-20 00:00:00', NULL, NULL),
(279, 1, 'Compre super', 31500, 1, '2020-03-21 00:00:00', NULL, NULL),
(280, 1, 'Almuerzo+once', 6000, 1, '2020-03-24 00:00:00', NULL, NULL),
(281, 5, 'Prepower', 5290, 1, '2020-03-25 00:00:00', NULL, NULL),
(282, 1, 'Compra super', 21000, 1, '2020-03-25 00:00:00', NULL, NULL),
(283, 1, 'Compra super', 8000, 1, '2020-03-26 00:00:00', NULL, NULL),
(284, 1, 'Compra super', 35000, 1, '2020-03-26 00:00:00', NULL, NULL),
(285, 1, 'Compra super', 23000, 1, '2020-03-31 00:00:00', NULL, NULL),
(286, 6, 'Recarga movistar', 3000, 1, '2020-03-28 00:00:00', NULL, NULL),
(287, 5, 'Pago CAE', 16820, 1, '2020-04-01 00:00:00', NULL, NULL),
(288, 5, 'Pago Arriendo Abril', 280000, 1, '2020-04-01 00:00:00', NULL, NULL),
(289, 5, 'Prepower entel', 5290, 1, '2020-04-01 00:00:00', NULL, NULL),
(290, 3, 'Pago cosas vivi', 110000, 1, '2020-04-01 00:00:00', NULL, NULL),
(291, 5, 'Gastos Marzo', 22821, 1, '2020-04-04 00:00:00', NULL, NULL);

-- --------------------------------------------------------

--
-- Estructura de tabla para la tabla `products_category`
--

CREATE TABLE `products_category` (
  `id` int(11) NOT NULL,
  `name` varchar(500) DEFAULT NULL,
  `description` varchar(500) DEFAULT NULL,
  `status` int(11) DEFAULT NULL,
  `created` datetime DEFAULT NULL,
  `modified` datetime DEFAULT NULL,
  `deleted` datetime DEFAULT NULL
) ENGINE=MyISAM DEFAULT CHARSET=utf8;

--
-- Volcado de datos para la tabla `products_category`
--

INSERT INTO `products_category` (`id`, `name`, `description`, `status`, `created`, `modified`, `deleted`) VALUES
(1, 'Comida', 'Todo lo que es comida.', 1, '2019-05-07 00:00:00', '0000-00-00 00:00:00', '0000-00-00 00:00:00'),
(2, 'Virtual', 'Lo intocable.', 1, '2019-05-07 00:00:00', '0000-00-00 00:00:00', '0000-00-00 00:00:00'),
(3, 'Tecnología', 'Fundamental del ocio.', 1, '2019-05-07 00:00:00', '0000-00-00 00:00:00', '0000-00-00 00:00:00'),
(4, 'Salud', 'Salute.', 1, '2019-05-07 00:00:00', '0000-00-00 00:00:00', '0000-00-00 00:00:00'),
(5, 'Fijos', 'Fijos pero variables.', 1, '2019-05-07 00:00:00', '0000-00-00 00:00:00', '0000-00-00 00:00:00'),
(6, 'Otros', 'Otros, no planeados pendiente a categoría.', 1, '2019-05-07 00:00:00', '0000-00-00 00:00:00', '0000-00-00 00:00:00'),
(7, 'Vestimenta', 'Ropa.', 1, '2019-05-07 00:00:00', '0000-00-00 00:00:00', '0000-00-00 00:00:00'),
(8, 'Préstamos', 'Todo lo que es hoy por ti.', 1, '2019-06-04 00:00:00', '0000-00-00 00:00:00', '0000-00-00 00:00:00');

-- --------------------------------------------------------

--
-- Estructura de tabla para la tabla `stories`
--

CREATE TABLE `stories` (
  `id` int(11) NOT NULL,
  `title` varchar(50) DEFAULT NULL,
  `content` varchar(10000) DEFAULT NULL,
  `state` int(11) DEFAULT NULL,
  `created` datetime DEFAULT NULL,
  `modified` datetime DEFAULT NULL
) ENGINE=MyISAM DEFAULT CHARSET=utf8;

--
-- Volcado de datos para la tabla `stories`
--

INSERT INTO `stories` (`id`, `title`, `content`, `state`, `created`, `modified`) VALUES
(1, 'caca', 'test', 1, '0000-00-00 00:00:00', '0000-00-00 00:00:00'),
(2, 'caca', 'test', 1, '0000-00-00 00:00:00', '0000-00-00 00:00:00'),
(3, 'caca', 'test', 1, '0000-00-00 00:00:00', '0000-00-00 00:00:00'),
(4, 'caca', 'test', 1, '0000-00-00 00:00:00', '0000-00-00 00:00:00'),
(5, 'caca', 'test', 1, '0000-00-00 00:00:00', '0000-00-00 00:00:00'),
(6, 'Enfermo de historia', 'Si la vida no tiene sentido, ¿Que hago en la vida?.\r\n\r\nAlex sino, noche. Septiembre 24.\r\nAl estremeserse recostado recuerda el inicio de algo inexistente; fuera de su casa se escucha la lluvia, Alex intenta recordar aquello pero es en vano.\r\nSu infancia no fue de las mejores, maltradado por sus padres adoptivos de diversas maneras, su recuerdo más feliz fue enterarse de su adopción. añorando un reencuentro de sangre, ideales de perfección.\r\nUn súbido golpe lo remece de su cama, su madre grita entre llantos; ¡Fuera!. Aquella era la manera en que ultimamente ella se manifestaba, sin tituvear y de manera eficiente Alex la ignoraba.\r\n\r\nAlex sino, 7AM. Septiembre 25.\r\nAl sonar de su celular que Alex consiguió en su escuela a la que ocasionalemente asiste, se dispone a salir de casa procurando no generar ruido, acostumbrado a nunca hacerlo para evitar cualquier encuentro indeseado. Recuerdos y pensamientos\r\nlastimeros persisten en su cabeza, para lo cual y de hace aproximadamente 2 semanas consume un placebo. Cada vez que lo toma se dice a si mismo; esta es la última vez que lo consumo.\r\nSonidos urbanos, música melancólica para las nuevas generaciones, personas camaleónicas inundan su paisaje. Sentado cerca de las vías del tren, Alex mira el amanecer intentando penetrar su pensamientos al mismo tiempo. Un grito intentando ser acallado\r\npor un murmullo; ¡Mira es Alex!, ¿No que tus padres te tenían secuestrado?; Como si el mejor de los chistes hubiera reencarnado en una entidad tangible e inevitable las risas cambiaban el ambiente a una atmósfera amigable.\r\nBuen día Morgan, se escuchó de la boca de Alex. Morgan era su mejor amigo en la escuela, aquel infaltable, aquel con el que podía contar para sus caprichos. Y dime Alex, ¿Hoy te dignas a asistir a la escuela?.', 1, '2019-08-04 00:00:00', '0000-00-00 00:00:00'),
(7, 'Sueño fatal', 'SUeño con su final', 0, '0000-00-00 00:00:00', '0000-00-00 00:00:00');

-- --------------------------------------------------------

--
-- Estructura de tabla para la tabla `users`
--

CREATE TABLE `users` (
  `id` int(11) NOT NULL,
  `nick` varchar(50) NOT NULL,
  `pass` varchar(500) NOT NULL,
  `role` varchar(500) DEFAULT NULL,
  `status` int(11) DEFAULT NULL,
  `created` datetime DEFAULT NULL,
  `modified` datetime DEFAULT NULL
) ENGINE=MyISAM DEFAULT CHARSET=utf8;

--
-- Volcado de datos para la tabla `users`
--

INSERT INTO `users` (`id`, `nick`, `pass`, `role`, `status`, `created`, `modified`) VALUES
(1, 'siven', 'sickven', '', 1, '2019-06-27 00:00:00', '0000-00-00 00:00:00'),
(2, 'seck', 'sack', '', 0, '2019-07-29 22:06:06', '0000-00-00 00:00:00'),
(3, 'sickven', 'siven', '', 0, '2019-07-30 10:47:07', '0000-00-00 00:00:00'),
(5, 'FLEE', 'siven', '', 0, '2019-08-04 22:05:01', '0000-00-00 00:00:00');

-- --------------------------------------------------------

--
-- Estructura de tabla para la tabla `usuarios`
--

CREATE TABLE `usuarios` (
  `id` int(11) NOT NULL,
  `nombre` varchar(50) NOT NULL,
  `nick` varchar(50) CHARACTER SET utf8 COLLATE utf8_unicode_ci NOT NULL,
  `pass` varchar(50) CHARACTER SET utf8 COLLATE utf8_unicode_ci NOT NULL,
  `estado` int(11) DEFAULT NULL,
  `creado` datetime DEFAULT NULL,
  `modificado` datetime DEFAULT NULL,
  `eliminado` datetime DEFAULT NULL
) ENGINE=MyISAM DEFAULT CHARSET=utf8;

--
-- Volcado de datos para la tabla `usuarios`
--

INSERT INTO `usuarios` (`id`, `nombre`, `nick`, `pass`, `estado`, `creado`, `modificado`, `eliminado`) VALUES
(1, 'test3', 'test', 'test', 0, '0000-00-00 00:00:00', '0000-00-00 00:00:00', '0000-00-00 00:00:00');

--
-- Índices para tablas volcadas
--

--
-- Indices de la tabla `music`
--
ALTER TABLE `music`
  ADD PRIMARY KEY (`id`);

--
-- Indices de la tabla `notes`
--
ALTER TABLE `notes`
  ADD PRIMARY KEY (`id`);

--
-- Indices de la tabla `notes_category`
--
ALTER TABLE `notes_category`
  ADD PRIMARY KEY (`id`);

--
-- Indices de la tabla `products`
--
ALTER TABLE `products`
  ADD PRIMARY KEY (`id`),
  ADD KEY `id_category` (`id_category`);

--
-- Indices de la tabla `products_category`
--
ALTER TABLE `products_category`
  ADD PRIMARY KEY (`id`);

--
-- Indices de la tabla `stories`
--
ALTER TABLE `stories`
  ADD PRIMARY KEY (`id`);

--
-- Indices de la tabla `users`
--
ALTER TABLE `users`
  ADD PRIMARY KEY (`id`);

--
-- Indices de la tabla `usuarios`
--
ALTER TABLE `usuarios`
  ADD PRIMARY KEY (`id`);

--
-- AUTO_INCREMENT de las tablas volcadas
--

--
-- AUTO_INCREMENT de la tabla `music`
--
ALTER TABLE `music`
  MODIFY `id` int(11) NOT NULL AUTO_INCREMENT, AUTO_INCREMENT=59;
--
-- AUTO_INCREMENT de la tabla `notes`
--
ALTER TABLE `notes`
  MODIFY `id` int(11) NOT NULL AUTO_INCREMENT, AUTO_INCREMENT=16;
--
-- AUTO_INCREMENT de la tabla `notes_category`
--
ALTER TABLE `notes_category`
  MODIFY `id` int(11) NOT NULL AUTO_INCREMENT, AUTO_INCREMENT=10;
--
-- AUTO_INCREMENT de la tabla `products`
--
ALTER TABLE `products`
  MODIFY `id` int(11) NOT NULL AUTO_INCREMENT, AUTO_INCREMENT=292;
--
-- AUTO_INCREMENT de la tabla `products_category`
--
ALTER TABLE `products_category`
  MODIFY `id` int(11) NOT NULL AUTO_INCREMENT, AUTO_INCREMENT=10;
--
-- AUTO_INCREMENT de la tabla `stories`
--
ALTER TABLE `stories`
  MODIFY `id` int(11) NOT NULL AUTO_INCREMENT, AUTO_INCREMENT=8;
--
-- AUTO_INCREMENT de la tabla `users`
--
ALTER TABLE `users`
  MODIFY `id` int(11) NOT NULL AUTO_INCREMENT, AUTO_INCREMENT=6;
--
-- AUTO_INCREMENT de la tabla `usuarios`
--
ALTER TABLE `usuarios`
  MODIFY `id` int(11) NOT NULL AUTO_INCREMENT, AUTO_INCREMENT=2;
/*!40101 SET CHARACTER_SET_CLIENT=@OLD_CHARACTER_SET_CLIENT */;
/*!40101 SET CHARACTER_SET_RESULTS=@OLD_CHARACTER_SET_RESULTS */;
/*!40101 SET COLLATION_CONNECTION=@OLD_COLLATION_CONNECTION */;
